INSERT INTO public.platform (id, name, nick_name, created_by, created_dt, modified_by, modified_dt, active) VALUES (1, 'Travelport', 'tp', 'MTPService', '2017-01-01 10:00:00', NULL, '2017-01-01 10:00:00', 'Y');
INSERT INTO public.platform (id, name, nick_name, created_by, created_dt, modified_by, modified_dt, active) VALUES (2, 'Delta', 'dl', 'MTPService', '2017-01-01 10:00:00', NULL, '2017-01-01 10:00:00', 'Y');
INSERT INTO public.system (id, platform_id, name, ipaddress, portno, defalut_put_level, created_by, created_dt, modified_by, modified_dt, active, loadset_name_prefix, default_prod_cpu, default_native_cpu, default_pre_prod_cpu, alias_name) VALUES (5, 2, 'RES', '@@TD_BOX_1@@', 22, 5, 'MTPService', '2017-01-01 10:00:00', NULL, '2017-01-01 10:00:00', 'Y', 'R', NULL, NULL, NULL, 'TD1');
INSERT INTO public.system (id, platform_id, name, ipaddress, portno, defalut_put_level, created_by, created_dt, modified_by, modified_dt, active, loadset_name_prefix, default_prod_cpu, default_native_cpu, default_pre_prod_cpu, alias_name) VALUES (6, 2, 'OSS', '@@TD_BOX_1@@', 22, 6, 'MTPService', '2017-01-01 10:00:00', NULL, '2017-01-01 10:00:00', 'Y', 'O', NULL, NULL, NULL, 'TD1');
INSERT INTO public.system (id, platform_id, name, ipaddress, portno, defalut_put_level, created_by, created_dt, modified_by, modified_dt, active, loadset_name_prefix, default_prod_cpu, default_native_cpu, default_pre_prod_cpu, alias_name) VALUES (7, 2, 'AIR', '@@TD_BOX_1@@', 22, 7, 'MTPService', '2017-01-01 10:00:00', NULL, '2017-01-01 10:00:00', 'Y', 'H', NULL, NULL, NULL, 'TD1');
INSERT INTO public.system (id, platform_id, name, ipaddress, portno, defalut_put_level, created_by, created_dt, modified_by, modified_dt, active, loadset_name_prefix, default_prod_cpu, default_native_cpu, default_pre_prod_cpu, alias_name) VALUES (1, 1, 'APO', '@@TD_BOX_3@@', 22, 1, 'MTPService', '2017-01-01 10:00:00', NULL, '2017-01-01 10:00:00', 'Y', 'A', NULL, NULL, NULL, 'TD3');
INSERT INTO public.system (id, platform_id, name, ipaddress, portno, defalut_put_level, created_by, created_dt, modified_by, modified_dt, active, loadset_name_prefix, default_prod_cpu, default_native_cpu, default_pre_prod_cpu, alias_name) VALUES (2, 1, 'PRE', '@@TD_BOX_3@@', 22, 2, 'MTPService', '2017-01-01 10:00:00', NULL, '2017-01-01 10:00:00', 'Y', 'E', NULL, NULL, NULL, 'TD3');
INSERT INTO public.system (id, platform_id, name, ipaddress, portno, defalut_put_level, created_by, created_dt, modified_by, modified_dt, active, loadset_name_prefix, default_prod_cpu, default_native_cpu, default_pre_prod_cpu, alias_name) VALUES (3, 1, 'PGR', '@@TD_BOX_3@@', 22, 3, 'MTPService', '2017-01-01 10:00:00', NULL, '2017-01-01 10:00:00', 'Y', 'P', NULL, NULL, NULL, 'TD3');
INSERT INTO public.system (id, platform_id, name, ipaddress, portno, defalut_put_level, created_by, created_dt, modified_by, modified_dt, active, loadset_name_prefix, default_prod_cpu, default_native_cpu, default_pre_prod_cpu, alias_name) VALUES (4, 1, 'WSP', '@@TD_BOX_2@@', 22, 4, 'MTPService', '2017-01-01 10:00:00', NULL, '2017-01-01 10:00:00', 'Y', 'G', NULL, NULL, NULL, 'TD2');
INSERT INTO public.system_history (id, platform_id, name, ipaddress, portno, defalut_put_level, created_by, created_dt, modified_by, modified_dt, active, loadset_name_prefix, default_prod_cpu, default_native_cpu, default_pre_prod_cpu, alias_name) VALUES (5, 2, 'RES', '@@TD_BOX_1@@', 22, 5, 'MTPService', '2017-01-01 10:00:00', NULL, '2017-01-01 10:00:00', 'Y', 'R', NULL, NULL, NULL, 'TD1');
INSERT INTO public.system_history (id, platform_id, name, ipaddress, portno, defalut_put_level, created_by, created_dt, modified_by, modified_dt, active, loadset_name_prefix, default_prod_cpu, default_native_cpu, default_pre_prod_cpu, alias_name) VALUES (6, 2, 'OSS', '@@TD_BOX_1@@', 22, 6, 'MTPService', '2017-01-01 10:00:00', NULL, '2017-01-01 10:00:00', 'Y', 'O', NULL, NULL, NULL, 'TD1');
INSERT INTO public.system_history (id, platform_id, name, ipaddress, portno, defalut_put_level, created_by, created_dt, modified_by, modified_dt, active, loadset_name_prefix, default_prod_cpu, default_native_cpu, default_pre_prod_cpu, alias_name) VALUES (7, 2, 'AIR', '@@TD_BOX_1@@', 22, 7, 'MTPService', '2017-01-01 10:00:00', NULL, '2017-01-01 10:00:00', 'Y', 'H', NULL, NULL, NULL, 'TD1');
INSERT INTO public.system_history (id, platform_id, name, ipaddress, portno, defalut_put_level, created_by, created_dt, modified_by, modified_dt, active, loadset_name_prefix, default_prod_cpu, default_native_cpu, default_pre_prod_cpu, alias_name) VALUES (1, 1, 'APO', '@@TD_BOX_3@@', 22, 1, 'MTPService', '2017-01-01 10:00:00', NULL, '2017-01-01 10:00:00', 'Y', 'A', NULL, NULL, NULL, 'TD3');
INSERT INTO public.system_history (id, platform_id, name, ipaddress, portno, defalut_put_level, created_by, created_dt, modified_by, modified_dt, active, loadset_name_prefix, default_prod_cpu, default_native_cpu, default_pre_prod_cpu, alias_name) VALUES (2, 1, 'PRE', '@@TD_BOX_3@@', 22, 2, 'MTPService', '2017-01-01 10:00:00', NULL, '2017-01-01 10:00:00', 'Y', 'E', NULL, NULL, NULL, 'TD3');
INSERT INTO public.system_history (id, platform_id, name, ipaddress, portno, defalut_put_level, created_by, created_dt, modified_by, modified_dt, active, loadset_name_prefix, default_prod_cpu, default_native_cpu, default_pre_prod_cpu, alias_name) VALUES (3, 1, 'PGR', '@@TD_BOX_3@@', 22, 3, 'MTPService', '2017-01-01 10:00:00', NULL, '2017-01-01 10:00:00', 'Y', 'P', NULL, NULL, NULL, 'TD3');
INSERT INTO public.system_history (id, platform_id, name, ipaddress, portno, defalut_put_level, created_by, created_dt, modified_by, modified_dt, active, loadset_name_prefix, default_prod_cpu, default_native_cpu, default_pre_prod_cpu, alias_name) VALUES (4, 1, 'WSP', '@@TD_BOX_2@@', 22, 4, 'MTPService', '2017-01-01 10:00:00', NULL, '2017-01-01 10:00:00', 'Y', 'G', NULL, NULL, NULL, 'TD2');
